descent_speed_kt,temp_band,table,from_supersonic_cruise,level_fl,fuel_t,time_min,tas_mean_kt,dist_zero_wind_nm,decel_end_fl,level_correction_nm_per_2000ft,note
325,above_isa_minus_10,decel_to_mach1,True,600,1.35,10.7,827,147,383,5,
325,above_isa_minus_10,decel_to_mach1,True,590,1.3,10.2,822,141,383,5,
325,above_isa_minus_10,decel_to_mach1,True,580,1.25,10.0,816,135,383,5,
325,above_isa_minus_10,decel_to_mach1,True,570,1.2,9.6,810,129,383,5,
325,above_isa_minus_10,decel_to_mach1,True,560,1.16,9.3,807,125,383,5,
325,above_isa_minus_10,decel_to_mach1,True,550,1.13,9.0,804,121,383,5,
325,above_isa_minus_10,decel_to_mach1,True,540,1.1,8.7,800,116,383,5,
325,above_isa_minus_10,decel_to_mach1,True,530,1.08,8.5,798,113,383,5,
325,above_isa_minus_10,decel_to_mach1,True,520,1.07,8.2,798,109,383,5,
325,above_isa_minus_10,decel_to_mach1,True,510,1.05,8.0,798,106,383,5,
325,above_isa_minus_10,decel_to_mach1,True,500,1.03,7.7,796,102,383,5,
325,above_isa_minus_10,decel_to_mach1,True,490,0.98,7.2,788,95,383,5,
325,above_isa_minus_10,decel_to_mach1,True,480,0.92,6.8,781,88,383,5,
325,above_isa_minus_10,decel_to_mach1,True,470,0.87,6.3,773,81,383,5,
325,above_isa_minus_10,descent_to_1500ft,True,600,2.32,23.0,620,238,383,5,
325,above_isa_minus_10,descent_to_1500ft,True,590,2.27,22.7,614,232,383,5,
325,above_isa_minus_10,descent_to_1500ft,True,570,2.17,22.0,603,221,383,5,
325,above_isa_minus_10,descent_to_1500ft,True,550,2.11,21.4,594,212,383,5,
325,above_isa_minus_10,descent_to_1500ft,True,530,2.06,20.9,587,204,383,5,
325,above_isa_minus_10,descent_to_1500ft,True,510,2.03,20.3,581,197,383,5,
325,above_isa_minus_10,descent_to_1500ft,True,490,1.96,19.6,569,186,383,5,
325,above_isa_minus_10,descent_to_1500ft,True,470,1.84,18.7,553,172,383,5,
325,above_isa_minus_10,descent_to_1500ft,False,550,1.55,17.7,514,152,383,5,
325,above_isa_minus_10,descent_to_1500ft,False,530,1.49,17.1,505,144,383,5,
325,above_isa_minus_10,descent_to_1500ft,False,510,1.42,16.5,495,136,383,5,
325,above_isa_minus_10,descent_to_1500ft,False,490,1.35,15.9,486,129,383,5,
325,above_isa_minus_10,descent_to_1500ft,False,470,1.28,15.2,477,121,383,5,
325,above_isa_minus_10,descent_to_1500ft,False,450,1.21,14.6,468,114,383,5,
325,above_isa_minus_10,descent_to_1500ft,False,430,1.14,13.9,460,107,383,5,
325,above_isa_minus_10,descent_to_1500ft,False,410,1.07,13.2,452,100,383,5,
325,above_isa_minus_10,descent_to_1500ft,False,390,1.0,12.6,444,93,383,5,
325,above_isa_minus_10,descent_to_1500ft,False,370,0.95,12.0,438,88,383,5,
325,above_isa_minus_10,descent_to_1500ft,False,350,0.89,11.4,431,82,383,5,
325,above_isa_minus_10,descent_to_1500ft,False,330,0.84,10.7,424,75,383,5,
325,above_isa_minus_10,descent_to_1500ft,False,310,0.79,10.0,417,69,383,5,
325,above_isa_minus_10,descent_to_1500ft,False,290,0.73,9.3,411,63,383,5,
325,above_isa_minus_10,descent_to_1500ft,False,270,0.67,8.6,404,58,383,5,
325,above_isa_minus_10,descent_to_1500ft,False,250,0.62,7.9,397,52,383,5,
325,above_isa_minus_10,descent_to_1500ft,False,230,0.56,7.1,391,47,383,5,
325,above_isa_minus_10,descent_to_1500ft,False,210,0.51,6.4,385,41,383,5,
325,above_isa_minus_10,descent_to_1500ft,False,190,0.45,5.8,379,36,383,5,
325,above_isa_minus_10,descent_to_1500ft,False,170,0.4,5.1,373,32,383,5,
325,above_isa_minus_10,descent_to_1500ft,False,150,0.35,4.4,367,27,383,5,
325,above_isa_minus_10,descent_to_1500ft,False,130,0.29,3.7,362,22,383,5,
325,above_isa_minus_10,descent_to_1500ft,False,110,0.24,3.1,356,18,383,5,
325,above_isa_minus_10,descent_to_1500ft,False,90,0.19,2.4,351,14,383,5,
325,above_isa_minus_10,descent_to_1500ft,False,70,0.14,1.8,346,10,383,5,
325,above_isa_minus_10,descent_to_1500ft,False,50,0.09,1.1,341,7,383,5,
325,above_isa_minus_10,descent_to_1500ft,False,30,0.04,0.5,336,3,383,5,
325,isa_minus_10_and_below,decel_to_mach1,True,600,1.27,10.8,765,138,383,5,
325,isa_minus_10_and_below,decel_to_mach1,True,590,1.27,10.6,763,135,383,5,
325,isa_minus_10_and_below,decel_to_mach1,True,580,1.26,10.5,761,133,383,5,
325,isa_minus_10_and_below,decel_to_mach1,True,570,1.25,10.3,760,130,383,5,
325,isa_minus_10_and_below,decel_to_mach1,True,560,1.24,10.1,759,127,383,5,
325,isa_minus_10_and_below,decel_to_mach1,True,550,1.23,9.8,757,124,383,5,
325,isa_minus_10_and_below,decel_to_mach1,True,540,1.23,9.6,756,121,383,5,
325,isa_minus_10_and_below,decel_to_mach1,True,530,1.23,9.4,755,119,383,5,
325,isa_minus_10_and_below,decel_to_mach1,True,520,1.23,9.2,756,116,383,5,
325,isa_minus_10_and_below,decel_to_mach1,True,510,1.24,9.0,757,113,383,5,
325,isa_minus_10_and_below,decel_to_mach1,True,500,1.26,8.8,757,111,383,5,
325,isa_minus_10_and_below,decel_to_mach1,True,490,1.25,8.5,754,107,383,5,
325,isa_minus_10_and_below,decel_to_mach1,True,480,1.23,8.1,751,102,383,5,
325,isa_minus_10_and_below,decel_to_mach1,True,470,1.22,7.8,746,97,383,5,
325,isa_minus_10_and_below,descent_to_1500ft,True,600,2.23,23.0,581,223,383,5,
325,isa_minus_10_and_below,descent_to_1500ft,True,590,2.23,22.8,579,221,383,5,
325,isa_minus_10_and_below,descent_to_1500ft,True,570,2.21,22.5,575,215,383,5,
325,isa_minus_10_and_below,descent_to_1500ft,True,550,2.19,22.1,570,209,383,5,
325,isa_minus_10_and_below,descent_to_1500ft,True,530,2.19,21.6,566,204,383,5,
325,isa_minus_10_and_below,descent_to_1500ft,True,510,2.2,21.2,562,199,383,5,
325,isa_minus_10_and_below,descent_to_1500ft,True,490,2.21,20.7,556,192,383,5,
325,isa_minus_10_and_below,descent_to_1500ft,True,470,2.18,20.0,546,182,383,5,
325,isa_minus_10_and_below,descent_to_1500ft,False,550,1.58,18.0,491,147,383,5,
325,isa_minus_10_and_below,descent_to_1500ft,False,530,1.51,17.3,481,138,383,5,
325,isa_minus_10_and_below,descent_to_1500ft,False,510,1.43,16.6,471,130,383,5,
325,isa_minus_10_and_below,descent_to_1500ft,False,490,1.36,15.9,462,123,383,5,
325,isa_minus_10_and_below,descent_to_1500ft,False,470,1.29,15.2,454,115,383,5,
325,isa_minus_10_and_below,descent_to_1500ft,False,450,1.21,14.5,445,108,383,5,
325,isa_minus_10_and_below,descent_to_1500ft,False,430,1.14,13.8,437,101,383,5,
325,isa_minus_10_and_below,descent_to_1500ft,False,410,1.06,13.1,429,94,383,5,
325,isa_minus_10_and_below,descent_to_1500ft,False,390,0.99,12.5,422,88,383,5,
325,isa_minus_10_and_below,descent_to_1500ft,False,370,0.93,11.9,416,82,383,5,
325,isa_minus_10_and_below,descent_to_1500ft,False,350,0.88,11.2,409,77,383,5,
325,isa_minus_10_and_below,descent_to_1500ft,False,330,0.83,10.5,403,71,383,5,
325,isa_minus_10_and_below,descent_to_1500ft,False,310,0.77,9.8,397,65,383,5,
325,isa_minus_10_and_below,descent_to_1500ft,False,290,0.72,9.1,391,60,383,5,
325,isa_minus_10_and_below,descent_to_1500ft,False,270,0.66,8.4,384,54,383,5,
325,isa_minus_10_and_below,descent_to_1500ft,False,250,0.61,7.7,378,49,383,5,
325,isa_minus_10_and_below,descent_to_1500ft,False,230,0.55,7.0,373,44,383,5,
325,isa_minus_10_and_below,descent_to_1500ft,False,210,0.5,6.3,367,39,383,5,
325,isa_minus_10_and_below,descent_to_1500ft,False,190,0.45,5.7,361,34,383,5,
325,isa_minus_10_and_below,descent_to_1500ft,False,170,0.39,5.0,356,29,383,5,
325,isa_minus_10_and_below,descent_to_1500ft,False,150,0.34,4.3,350,25,383,5,
325,isa_minus_10_and_below,descent_to_1500ft,False,130,0.29,3.6,345,21,383,5,
325,isa_minus_10_and_below,descent_to_1500ft,False,110,0.24,3.0,340,17,383,5,
325,isa_minus_10_and_below,descent_to_1500ft,False,90,0.19,2.4,335,13,383,5,
325,isa_minus_10_and_below,descent_to_1500ft,False,70,0.14,1.7,331,10,383,5,
325,isa_minus_10_and_below,descent_to_1500ft,False,50,0.09,1.1,326,6,383,5,
350,above_isa_minus_10,decel_to_mach1,True,600,1.31,10.2,842,143,350,3,
350,above_isa_minus_10,decel_to_mach1,True,590,1.24,9.8,837,136,350,3,
350,above_isa_minus_10,decel_to_mach1,True,580,1.19,9.4,831,130,350,3,
350,above_isa_minus_10,decel_to_mach1,True,570,1.14,9.1,825,125,350,3,
350,above_isa_minus_10,decel_to_mach1,True,560,1.11,8.8,822,121,350,3,
350,above_isa_minus_10,decel_to_mach1,True,550,1.09,8.6,818,117,350,3,
350,above_isa_minus_10,decel_to_mach1,True,540,1.06,8.3,814,113,350,3,
350,above_isa_minus_10,decel_to_mach1,True,530,1.05,8.1,812,110,350,3,
350,above_isa_minus_10,decel_to_mach1,True,520,1.04,7.9,811,107,350,3,
350,above_isa_minus_10,decel_to_mach1,True,510,1.03,7.7,809,104,350,3,
350,above_isa_minus_10,decel_to_mach1,True,500,1.01,7.5,807,100,350,3,
350,above_isa_minus_10,decel_to_mach1,True,490,0.96,7.1,798,94,350,3,
350,above_isa_minus_10,decel_to_mach1,True,480,0.91,6.7,789,88,350,3,
350,above_isa_minus_10,decel_to_mach1,True,470,0.87,6.3,779,81,350,3,
350,above_isa_minus_10,descent_to_1500ft,True,600,2.1,20.3,650,220,350,3,
350,above_isa_minus_10,descent_to_1500ft,True,590,2.04,19.9,643,213,350,3,
350,above_isa_minus_10,descent_to_1500ft,True,570,1.94,19.2,630,202,350,3,
350,above_isa_minus_10,descent_to_1500ft,True,550,1.88,18.7,622,194,350,3,
350,above_isa_minus_10,descent_to_1500ft,True,530,1.85,18.3,615,187,350,3,
350,above_isa_minus_10,descent_to_1500ft,True,510,1.82,17.9,609,181,350,3,
350,above_isa_minus_10,descent_to_1500ft,True,490,1.76,17.2,596,171,350,3,
350,above_isa_minus_10,descent_to_1500ft,True,470,1.67,16.4,579,159,350,3,
350,above_isa_minus_10,descent_to_1500ft,False,550,1.38,15.6,544,141,350,3,
350,above_isa_minus_10,descent_to_1500ft,False,530,1.33,15.0,533,134,350,3,
350,above_isa_minus_10,descent_to_1500ft,False,510,1.27,14.5,523,126,350,3,
350,above_isa_minus_10,descent_to_1500ft,False,490,1.21,14.0,513,119,350,3,
350,above_isa_minus_10,descent_to_1500ft,False,470,1.15,13.4,506,113,350,3,
350,above_isa_minus_10,descent_to_1500ft,False,450,1.09,12.9,495,106,350,3,
350,above_isa_minus_10,descent_to_1500ft,False,430,1.03,12.3,486,100,350,3,
350,above_isa_minus_10,descent_to_1500ft,False,410,0.97,11.7,478,94,350,3,
350,above_isa_minus_10,descent_to_1500ft,False,390,0.91,11.2,470,88,350,3,
350,above_isa_minus_10,descent_to_1500ft,False,370,0.85,10.7,463,82,350,3,
350,above_isa_minus_10,descent_to_1500ft,False,350,0.8,10.1,456,77,350,3,
350,above_isa_minus_10,descent_to_1500ft,False,330,0.76,9.7,451,73,350,3,
350,above_isa_minus_10,descent_to_1500ft,False,310,0.72,9.1,444,67,350,3,
350,above_isa_minus_10,descent_to_1500ft,False,290,0.67,8.5,437,62,350,3,
350,above_isa_minus_10,descent_to_1500ft,False,270,0.62,7.9,430,56,350,3,
350,above_isa_minus_10,descent_to_1500ft,False,250,0.57,7.2,423,51,350,3,
350,above_isa_minus_10,descent_to_1500ft,False,230,0.52,6.6,416,46,350,3,
350,above_isa_minus_10,descent_to_1500ft,False,210,0.47,6.0,410,41,350,3,
350,above_isa_minus_10,descent_to_1500ft,False,190,0.42,5.4,403,36,350,3,
350,above_isa_minus_10,descent_to_1500ft,False,170,0.37,4.8,397,31,350,3,
350,above_isa_minus_10,descent_to_1500ft,False,150,0.33,4.1,390,27,350,3,
350,above_isa_minus_10,descent_to_1500ft,False,130,0.28,3.6,384,23,350,3,
350,above_isa_minus_10,descent_to_1500ft,False,110,0.23,3.0,378,19,350,3,
350,above_isa_minus_10,descent_to_1500ft,False,90,0.19,2.4,372,15,350,3,
350,above_isa_minus_10,descent_to_1500ft,False,70,0.14,1.8,365,11,350,3,
350,above_isa_minus_10,descent_to_1500ft,False,50,0.1,1.3,358,8,350,3,
350,above_isa_minus_10,descent_to_1500ft,False,30,0.05,0.7,347,4,350,3,
350,isa_minus_10_and_below,decel_to_mach1,True,600,1.2,10.1,779,131,350,3,
350,isa_minus_10_and_below,decel_to_mach1,True,590,1.19,9.9,777,128,350,3,
350,isa_minus_10_and_below,decel_to_mach1,True,580,1.19,9.8,775,126,350,3,
350,isa_minus_10_and_below,decel_to_mach1,True,570,1.18,9.7,774,124,350,3,
350,isa_minus_10_and_below,decel_to_mach1,True,560,1.18,9.5,772,122,350,3,
350,isa_minus_10_and_below,decel_to_mach1,True,550,1.18,9.4,770,120,350,3,
350,isa_minus_10_and_below,decel_to_mach1,True,540,1.18,9.2,768,118,350,3,
350,isa_minus_10_and_below,decel_to_mach1,True,530,1.19,9.0,768,116,350,3,
350,isa_minus_10_and_below,decel_to_mach1,True,520,1.2,8.9,767,113,350,3,
350,isa_minus_10_and_below,decel_to_mach1,True,510,1.21,8.7,767,111,350,3,
350,isa_minus_10_and_below,decel_to_mach1,True,500,1.23,8.6,767,110,350,3,
350,isa_minus_10_and_below,decel_to_mach1,True,490,1.23,8.3,762,106,350,3,
350,isa_minus_10_and_below,decel_to_mach1,True,480,1.22,8.0,757,101,350,3,
350,isa_minus_10_and_below,decel_to_mach1,True,470,1.21,7.7,752,97,350,3,
350,isa_minus_10_and_below,descent_to_1500ft,True,600,1.99,20.0,607,203,350,3,
350,isa_minus_10_and_below,descent_to_1500ft,True,590,1.97,19.9,605,200,350,3,
350,isa_minus_10_and_below,descent_to_1500ft,True,570,1.97,19.6,601,197,350,3,
350,isa_minus_10_and_below,descent_to_1500ft,True,550,1.97,19.3,596,192,350,3,
350,isa_minus_10_and_below,descent_to_1500ft,True,530,1.98,19.0,592,188,350,3,
350,isa_minus_10_and_below,descent_to_1500ft,True,510,1.99,18.7,589,183,350,3,
350,isa_minus_10_and_below,descent_to_1500ft,True,490,2.02,18.3,583,178,350,3,
350,isa_minus_10_and_below,descent_to_1500ft,True,470,2.0,17.7,572,169,350,3,
350,isa_minus_10_and_below,descent_to_1500ft,False,550,1.41,15.8,520,137,350,3,
350,isa_minus_10_and_below,descent_to_1500ft,False,530,1.35,15.2,509,129,350,3,
350,isa_minus_10_and_below,descent_to_1500ft,False,510,1.28,14.6,498,121,350,3,
350,isa_minus_10_and_below,descent_to_1500ft,False,490,1.22,14.0,489,114,350,3,
350,isa_minus_10_and_below,descent_to_1500ft,False,470,1.15,13.4,479,107,350,3,
350,isa_minus_10_and_below,descent_to_1500ft,False,450,1.09,12.8,471,101,350,3,
350,isa_minus_10_and_below,descent_to_1500ft,False,430,1.03,12.2,462,94,350,3,
350,isa_minus_10_and_below,descent_to_1500ft,False,410,0.97,11.7,454,88,350,3,
350,isa_minus_10_and_below,descent_to_1500ft,False,390,0.9,11.1,447,82,350,3,
350,isa_minus_10_and_below,descent_to_1500ft,False,370,0.84,10.5,440,77,350,3,
350,isa_minus_10_and_below,descent_to_1500ft,False,350,0.79,10.0,433,72,350,3,
350,isa_minus_10_and_below,descent_to_1500ft,False,330,0.75,9.5,428,68,350,3,
350,isa_minus_10_and_below,descent_to_1500ft,False,310,0.7,8.9,422,63,350,3,
350,isa_minus_10_and_below,descent_to_1500ft,False,290,0.66,8.3,416,58,350,3,
350,isa_minus_10_and_below,descent_to_1500ft,False,270,0.61,7.7,409,53,350,3,
350,isa_minus_10_and_below,descent_to_1500ft,False,250,0.56,7.1,403,48,350,3,
350,isa_minus_10_and_below,descent_to_1500ft,False,230,0.51,6.5,397,43,350,3,
350,isa_minus_10_and_below,descent_to_1500ft,False,210,0.46,5.9,390,38,350,3,
350,isa_minus_10_and_below,descent_to_1500ft,False,190,0.41,5.3,384,34,350,3,
350,isa_minus_10_and_below,descent_to_1500ft,False,170,0.37,4.7,378,29,350,3,
350,isa_minus_10_and_below,descent_to_1500ft,False,150,0.32,4.2,372,25,350,3,
350,isa_minus_10_and_below,descent_to_1500ft,False,130,0.27,3.7,367,21,350,3,
350,isa_minus_10_and_below,descent_to_1500ft,False,110,0.23,3.1,361,17,350,3,
350,isa_minus_10_and_below,descent_to_1500ft,False,90,0.18,2.3,355,14,350,3,
350,isa_minus_10_and_below,descent_to_1500ft,False,70,0.14,1.8,349,10,350,3,
350,isa_minus_10_and_below,descent_to_1500ft,False,50,0.1,1.2,342,7,350,3,
380,above_isa_minus_10,decel_to_mach1,True,600,1.23,9.2,870,134,312,2,
380,above_isa_minus_10,decel_to_mach1,True,590,1.18,8.9,864,129,312,2,
380,above_isa_minus_10,decel_to_mach1,True,580,1.13,8.6,858,123,312,2,
380,above_isa_minus_10,decel_to_mach1,True,570,1.07,8.3,851,117,312,2,
380,above_isa_minus_10,decel_to_mach1,True,560,1.03,8.0,846,112,312,2,
380,above_isa_minus_10,decel_to_mach1,True,550,0.98,7.8,842,107,312,2,
380,above_isa_minus_10,decel_to_mach1,True,540,0.97,7.4,837,104,312,2,fuel digit low-confidence in scan (+/-0.02 t); unused by the time model
380,above_isa_minus_10,decel_to_mach1,True,530,0.96,7.2,835,102,312,2,fuel digit low-confidence in scan (+/-0.02 t); unused by the time model
380,above_isa_minus_10,decel_to_mach1,True,520,0.95,7.1,834,99,312,2,fuel digit low-confidence in scan (+/-0.02 t); unused by the time model
380,above_isa_minus_10,decel_to_mach1,True,510,0.95,7.0,832,97,312,2,fuel digit low-confidence in scan (+/-0.02 t); unused by the time model
380,above_isa_minus_10,decel_to_mach1,True,500,0.94,6.8,828,94,312,2,fuel digit low-confidence in scan (+/-0.02 t); unused by the time model
380,above_isa_minus_10,decel_to_mach1,True,490,0.9,6.5,819,88,312,2,
380,above_isa_minus_10,decel_to_mach1,True,480,0.85,6.1,809,82,312,2,
380,above_isa_minus_10,decel_to_mach1,True,470,0.81,5.8,798,77,312,2,
380,above_isa_minus_10,descent_to_1500ft,True,600,1.83,16.9,688,194,312,2,
380,above_isa_minus_10,descent_to_1500ft,True,590,1.79,16.6,682,189,312,2,
380,above_isa_minus_10,descent_to_1500ft,True,570,1.68,15.9,667,177,312,2,
380,above_isa_minus_10,descent_to_1500ft,True,550,1.59,15.3,655,167,312,2,
380,above_isa_minus_10,descent_to_1500ft,True,530,1.56,15.0,647,162,312,2,
380,above_isa_minus_10,descent_to_1500ft,True,510,1.55,14.7,642,157,312,2,
380,above_isa_minus_10,descent_to_1500ft,True,490,1.5,14.1,629,148,312,2,
380,above_isa_minus_10,descent_to_1500ft,True,470,1.42,13.5,610,137,312,2,
380,above_isa_minus_10,descent_to_1500ft,False,550,1.14,12.7,576,122,312,2,
380,above_isa_minus_10,descent_to_1500ft,False,530,1.1,12.2,565,115,312,2,
380,above_isa_minus_10,descent_to_1500ft,False,510,1.05,11.8,553,109,312,2,
380,above_isa_minus_10,descent_to_1500ft,False,490,1.0,11.3,542,103,312,2,
380,above_isa_minus_10,descent_to_1500ft,False,470,0.95,10.9,532,97,312,2,
380,above_isa_minus_10,descent_to_1500ft,False,450,0.91,10.5,522,91,312,2,
380,above_isa_minus_10,descent_to_1500ft,False,430,0.86,10.0,512,86,312,2,
380,above_isa_minus_10,descent_to_1500ft,False,410,0.81,9.6,503,81,312,2,
380,above_isa_minus_10,descent_to_1500ft,False,390,0.77,9.2,495,76,312,2,
380,above_isa_minus_10,descent_to_1500ft,False,370,0.72,8.8,487,71,312,2,
380,above_isa_minus_10,descent_to_1500ft,False,350,0.68,8.4,480,67,312,2,
380,above_isa_minus_10,descent_to_1500ft,False,330,0.64,8.0,474,63,312,2,
380,above_isa_minus_10,descent_to_1500ft,False,310,0.6,7.7,469,60,312,2,
380,above_isa_minus_10,descent_to_1500ft,False,290,0.57,7.3,463,56,312,2,
380,above_isa_minus_10,descent_to_1500ft,False,270,0.53,6.8,456,52,312,2,
380,above_isa_minus_10,descent_to_1500ft,False,250,0.5,6.3,449,47,312,2,
380,above_isa_minus_10,descent_to_1500ft,False,230,0.46,5.8,441,43,312,2,
380,above_isa_minus_10,descent_to_1500ft,False,210,0.42,5.3,434,38,312,2,
380,above_isa_minus_10,descent_to_1500ft,False,190,0.38,4.8,427,34,312,2,
380,above_isa_minus_10,descent_to_1500ft,False,170,0.34,4.3,419,30,312,2,
380,above_isa_minus_10,descent_to_1500ft,False,150,0.3,3.8,412,26,312,2,
380,above_isa_minus_10,descent_to_1500ft,False,130,0.26,3.3,404,22,312,2,
380,above_isa_minus_10,descent_to_1500ft,False,110,0.22,2.8,397,19,312,2,
380,above_isa_minus_10,descent_to_1500ft,False,90,0.19,2.3,389,15,312,2,
380,above_isa_minus_10,descent_to_1500ft,False,70,0.15,1.9,379,12,312,2,
380,above_isa_minus_10,descent_to_1500ft,False,50,0.11,1.4,368,9,312,2,
380,above_isa_minus_10,descent_to_1500ft,False,30,0.05,0.8,347,4,312,2,
380,isa_minus_10_and_below,decel_to_mach1,True,600,1.15,9.1,809,123,312,2,
380,isa_minus_10_and_below,decel_to_mach1,True,590,1.13,8.9,805,120,312,2,
380,isa_minus_10_and_below,decel_to_mach1,True,580,1.11,8.8,803,117,312,2,
380,isa_minus_10_and_below,decel_to_mach1,True,570,1.09,8.6,799,114,312,2,
380,isa_minus_10_and_below,decel_to_mach1,True,560,1.07,8.4,796,111,312,2,
380,isa_minus_10_and_below,decel_to_mach1,True,550,1.05,8.1,793,108,312,2,
380,isa_minus_10_and_below,decel_to_mach1,True,540,1.06,8.1,791,106,312,2,
380,isa_minus_10_and_below,decel_to_mach1,True,530,1.08,8.0,790,105,312,2,
380,isa_minus_10_and_below,decel_to_mach1,True,520,1.1,7.9,789,104,312,2,
380,isa_minus_10_and_below,decel_to_mach1,True,510,1.11,7.8,788,103,312,2,
380,isa_minus_10_and_below,decel_to_mach1,True,500,1.15,7.8,787,102,312,2,
380,isa_minus_10_and_below,decel_to_mach1,True,490,1.15,7.6,782,99,312,2,
380,isa_minus_10_and_below,decel_to_mach1,True,480,1.15,7.4,776,96,312,2,
380,isa_minus_10_and_below,decel_to_mach1,True,470,1.15,7.1,770,91,312,2,
380,isa_minus_10_and_below,descent_to_1500ft,True,600,1.74,16.6,645,179,312,2,
380,isa_minus_10_and_below,descent_to_1500ft,True,590,1.72,16.5,641,176,312,2,
380,isa_minus_10_and_below,descent_to_1500ft,True,570,1.68,16.1,634,170,312,2,
380,isa_minus_10_and_below,descent_to_1500ft,True,550,1.64,15.7,627,164,312,2,
380,isa_minus_10_and_below,descent_to_1500ft,True,530,1.67,15.5,624,161,312,2,
380,isa_minus_10_and_below,descent_to_1500ft,True,510,1.71,15.4,621,159,312,2,
380,isa_minus_10_and_below,descent_to_1500ft,True,490,1.74,15.1,615,155,312,2,
380,isa_minus_10_and_below,descent_to_1500ft,True,470,1.74,14.6,604,147,312,2,
380,isa_minus_10_and_below,descent_to_1500ft,False,550,1.15,12.6,548,115,312,2,
380,isa_minus_10_and_below,descent_to_1500ft,False,530,1.1,12.2,538,110,312,2,
380,isa_minus_10_and_below,descent_to_1500ft,False,510,1.05,11.8,527,103,312,2,
380,isa_minus_10_and_below,descent_to_1500ft,False,490,1.0,11.3,516,97,312,2,
380,isa_minus_10_and_below,descent_to_1500ft,False,470,0.95,10.8,506,91,312,2,fuel reads 0.75 in scan; 0.95 by sequence and warm-page analogue
380,isa_minus_10_and_below,descent_to_1500ft,False,450,0.9,10.4,496,86,312,2,
380,isa_minus_10_and_below,descent_to_1500ft,False,430,0.85,9.9,487,81,312,2,
380,isa_minus_10_and_below,descent_to_1500ft,False,410,0.8,9.5,479,76,312,2,
380,isa_minus_10_and_below,descent_to_1500ft,False,390,0.76,9.0,471,71,312,2,
380,isa_minus_10_and_below,descent_to_1500ft,False,370,0.71,8.6,464,67,312,2,
380,isa_minus_10_and_below,descent_to_1500ft,False,350,0.67,8.2,457,63,312,2,
380,isa_minus_10_and_below,descent_to_1500ft,False,330,0.63,7.8,451,59,312,2,
380,isa_minus_10_and_below,descent_to_1500ft,False,310,0.59,7.5,446,56,312,2,
380,isa_minus_10_and_below,descent_to_1500ft,False,290,0.56,7.1,441,52,312,2,
380,isa_minus_10_and_below,descent_to_1500ft,False,270,0.52,6.6,434,48,312,2,
380,isa_minus_10_and_below,descent_to_1500ft,False,250,0.48,6.2,427,44,312,2,
380,isa_minus_10_and_below,descent_to_1500ft,False,230,0.45,5.7,421,40,312,2,
380,isa_minus_10_and_below,descent_to_1500ft,False,210,0.41,5.2,414,36,312,2,
380,isa_minus_10_and_below,descent_to_1500ft,False,190,0.37,4.7,407,32,312,2,
380,isa_minus_10_and_below,descent_to_1500ft,False,170,0.33,4.2,400,28,312,2,
380,isa_minus_10_and_below,descent_to_1500ft,False,150,0.29,3.7,393,24,312,2,
380,isa_minus_10_and_below,descent_to_1500ft,False,130,0.25,3.2,386,21,312,2,
380,isa_minus_10_and_below,descent_to_1500ft,False,110,0.22,2.7,379,17,312,2,
380,isa_minus_10_and_below,descent_to_1500ft,False,90,0.18,2.3,371,14,312,2,
380,isa_minus_10_and_below,descent_to_1500ft,False,70,0.14,1.8,362,11,312,2,
380,isa_minus_10_and_below,descent_to_1500ft,False,50,0.11,1.4,352,8,312,2,
