level_fl,mass_t,isa_dev_c,mach,tas_kt,fuel_per_engine_kgh,fuel_total_kgh,specific_range_nm_per_t,illegible,manual_review
290,180,-20,0.95,537,4553,18212,29.49,False,False
290,180,-15,0.95,544,4618,18472,29.45,False,False
290,180,-10,0.95,550,4683,18732,29.36,False,False
290,180,-5,0.95,556,4745,18980,29.29,False,False
290,180,0,0.95,562,4808,19232,29.22,False,False
290,180,5,0.95,568,4871,19484,29.15,False,False
290,180,10,0.95,574,4933,19732,29.09,False,False
290,180,15,0.95,580,4994,19976,29.03,False,False
290,180,20,0.95,586,5055,20220,28.98,False,False
290,175,-20,0.95,537,4376,17504,30.68,False,False
290,175,-15,0.95,544,4439,17756,30.64,False,False
290,175,-10,0.95,550,4502,18008,30.54,False,False
290,175,-5,0.95,556,4562,18248,30.47,False,False
290,175,0,0.95,562,4622,18488,30.4,False,False
290,175,5,0.95,568,4682,18728,30.33,False,False
290,175,10,0.95,574,4742,18968,30.26,False,False
290,175,15,0.95,580,4801,19204,30.2,False,False
290,175,20,0.95,586,4860,19440,30.14,False,False
290,170,-20,0.95,537,4213,16852,31.87,False,False
290,170,-15,0.95,544,4273,17092,31.83,False,False
290,170,-10,0.95,550,4334,17336,31.73,False,False
290,170,-5,0.95,556,4391,17564,31.66,False,False
290,170,0,0.95,562,4447,17788,31.59,False,False
290,170,5,0.95,568,4504,18016,31.53,False,False
290,170,10,0.95,574,4561,18244,31.46,False,False
290,170,15,0.95,580,4619,18476,31.39,False,False
290,170,20,0.95,586,4676,18704,31.33,False,False
290,165,-20,0.95,537,4056,16224,33.1,False,False
290,165,-15,0.95,544,4115,16460,33.05,False,False
290,165,-10,0.95,550,4173,16692,32.95,False,False
290,165,-5,0.95,556,4226,16904,32.89,False,False
290,165,0,0.95,562,4285,17140,32.79,False,False
290,165,5,0.95,568,4341,17364,32.71,False,False
290,165,10,0.95,574,4396,17584,32.64,False,False
290,165,15,0.95,580,4452,17808,32.57,False,False
290,165,20,0.95,586,4508,18032,32.5,False,False
290,160,-20,0.95,537,3906,15624,34.37,False,False
290,160,-15,0.95,544,3957,15828,34.37,False,False
290,160,-10,0.95,550,4019,16076,34.21,False,False
290,160,-5,0.95,556,4075,16300,34.11,False,False
290,160,0,0.95,562,4132,16528,34,False,False
290,160,5,0.95,568,4188,16752,33.91,False,False
290,160,10,0.95,574,4245,16980,33.8,False,False
290,160,15,0.95,580,4298,17192,33.74,True,False
290,160,20,0.95,586,4351,17404,33.67,False,False
290,155,-20,0.95,537,3762,15048,35.69,False,False
290,155,-15,0.95,544,3815,15260,35.65,False,False
290,155,-10,0.95,550,3871,15484,35.52,False,False
290,155,-5,0.95,556,3927,15708,35.4,False,False
290,155,0,0.95,562,3984,15936,35.27,False,False
290,155,5,0.95,568,4061,16244,34.97,False,False
290,155,10,0.95,574,4098,16392,35.02,False,False
290,155,15,0.95,580,4147,16588,34.97,False,False
290,155,20,0.95,586,4197,16788,34.91,False,False
290,150,-20,0.95,537,3625,14500,37.03,False,False
290,150,-15,0.95,544,3678,14712,36.98,False,False
290,150,-10,0.95,550,3731,14924,36.85,False,False
290,150,-5,0.95,556,3786,15144,36.71,True,False
290,150,0,0.95,562,3841,15364,36.58,False,False
290,150,5,0.95,568,3896,15584,36.45,False,False
290,150,10,0.95,574,3951,15804,36.32,False,False
290,150,15,0.95,580,3998,15992,36.27,False,False
290,150,20,0.95,586,4046,16184,36.21,False,False
290,145,-20,0.95,537,3495,13980,38.41,False,False
290,145,-15,0.95,544,3546,14184,38.35,True,False
290,145,-10,0.95,550,3598,14392,38.22,False,False
290,145,-5,0.95,556,3651,14604,38.07,False,False
290,145,0,0.95,562,3704,14816,37.93,False,False
290,145,5,0.95,568,3758,15032,37.79,False,False
290,145,10,0.95,574,3811,15244,37.65,False,False
290,145,15,0.95,580,3857,15428,37.59,False,False
290,145,20,0.95,586,3903,15612,37.54,False,False
290,140,-20,0.95,537,3373,13492,39.8,False,False
290,140,-15,0.95,544,3422,13688,39.74,False,False
290,140,-10,0.95,550,3472,13888,39.6,False,False
290,140,-5,0.95,556,3524,14096,39.44,False,False
290,140,0,0.95,562,3576,14304,39.29,False,False
290,140,5,0.95,568,3628,14512,39.14,False,False
290,140,10,0.95,574,3680,14720,38.99,False,False
290,140,15,0.95,580,3724,14896,38.94,False,False
290,140,20,0.95,586,3768,15072,38.88,False,False
290,135,-20,0.95,537,3269,13076,41.07,False,False
290,135,-15,0.95,544,3315,13260,41.03,False,False
290,135,-10,0.95,550,3361,13444,40.91,False,False
290,135,-5,0.95,556,3413,13652,40.73,False,False
290,135,0,0.95,562,3458,13832,40.63,False,False
290,135,5,0.95,568,3506,14024,40.5,False,False
290,135,10,0.95,574,3554,14216,40.38,False,False
290,135,15,0.95,580,3597,14388,40.31,False,False
290,135,20,0.95,586,3640,14560,40.25,False,False
290,130,-20,0.95,537,3175,12700,42.28,False,False
290,130,-15,0.95,544,3222,12888,42.21,False,False
290,130,-10,0.95,550,3264,13056,42.13,False,False
290,130,-5,0.95,556,3338,13352,41.64,False,False
290,130,0,0.95,562,3351,13404,41.93,False,False
290,130,5,0.95,568,3395,13580,41.83,False,False
290,130,10,0.95,574,3438,13752,41.74,False,False
290,130,15,0.95,580,3482,13928,41.64,False,False
290,130,20,0.95,586,3526,14104,41.55,False,False
290,125,-20,0.95,537,3085,12340,43.52,False,False
290,125,-15,0.95,544,3129,12516,43.46,False,False
290,125,-10,0.95,550,3173,12692,43.33,False,False
290,125,-5,0.95,556,3216,12864,43.22,False,False
290,125,0,0.95,562,3258,13032,43.12,False,False
290,125,5,0.95,568,3301,13204,43.02,False,False
290,125,10,0.95,574,3344,13376,42.91,False,False
290,125,15,0.95,580,3387,13548,42.81,False,False
290,125,20,0.95,586,3429,13716,42.72,False,False
290,120,-20,0.95,537,3001,12004,44.74,False,False
290,120,-15,0.95,544,3044,12176,44.68,False,False
290,120,-10,0.95,550,3086,12344,44.56,False,False
290,120,-5,0.95,556,3129,12516,44.42,False,False
290,120,0,0.95,562,3171,12684,44.31,False,False
290,120,5,0.95,568,3213,12852,44.2,False,False
290,120,10,0.95,574,3255,13020,44.09,False,False
290,120,15,0.95,580,3296,13184,43.99,False,False
290,120,20,0.95,586,3337,13348,43.9,False,False
290,115,-20,0.95,537,2927,11708,45.87,False,False
290,115,-15,0.95,544,2969,11876,45.81,False,False
290,115,-10,0.95,550,3010,12040,45.68,True,False
290,115,-5,0.95,556,3050,12200,45.57,True,False
290,115,0,0.95,562,3091,12364,45.45,False,False
290,115,5,0.95,568,3132,12528,45.34,False,False
290,115,10,0.95,574,3172,12688,45.24,False,False
290,115,15,0.95,580,3212,12848,45.14,False,False
290,115,20,0.95,586,3252,13008,45.05,False,False
290,110,-20,0.95,537,2859,11436,46.96,False,False
290,110,-15,0.95,544,2893,11572,47.01,False,False
290,110,-10,0.95,550,2953,11812,46.56,False,False
290,110,-5,0.95,556,2976,11904,46.71,False,False
290,110,0,0.95,562,3018,12072,46.55,False,False
290,110,5,0.95,568,3057,12228,46.45,False,False
290,110,10,0.95,574,3096,12384,46.35,False,False
290,110,15,0.95,580,3136,12544,46.24,False,False
290,110,20,0.95,586,3177,12708,46.11,False,False
310,180,-20,0.95,532,4715,18860,28.21,False,False
310,180,-15,0.95,539,4783,19132,28.17,False,False
310,180,-10,0.95,545,4852,19408,28.08,False,False
310,180,-5,0.95,551,4919,19676,28,False,False
310,180,0,0.95,557,4985,19940,27.93,False,False
310,180,5,0.95,564,5051,20204,27.92,False,False
310,180,10,0.95,570,5117,20468,27.85,False,False
310,180,15,0.95,576,5182,20728,27.79,False,False
310,180,20,0.95,581,5246,20984,27.69,False,False
310,175,-20,0.95,532,4516,18064,29.45,False,False
310,175,-15,0.95,539,4582,18328,29.41,False,False
310,175,-10,0.95,545,4648,18592,29.31,False,False
310,175,-5,0.95,551,4711,18844,29.24,False,False
310,175,0,0.95,557,4775,19100,29.16,False,False
310,175,5,0.95,564,4838,19352,29.14,False,False
310,175,10,0.95,570,4901,19604,29.08,False,False
310,175,15,0.95,576,4963,19852,29.01,False,False
310,175,20,0.95,581,5024,20096,28.91,False,False
310,170,-20,0.95,532,4330,17320,30.72,False,False
310,170,-15,0.95,539,4393,17572,30.67,False,False
310,170,-10,0.95,545,4456,17824,30.58,False,False
310,170,-5,0.95,551,4517,18068,30.5,False,False
310,170,0,0.95,557,4577,18308,30.42,False,False
310,170,5,0.95,564,4638,18552,30.4,False,False
310,170,10,0.95,570,4699,18796,30.33,False,False
310,170,15,0.95,576,4758,19032,30.26,False,False
310,170,20,0.95,581,4917,19668,29.54,False,False
310,165,-20,0.95,532,4154,16616,32.02,False,False
310,165,-15,0.95,539,4214,16856,31.98,False,False
310,165,-10,0.95,545,4275,17100,31.87,False,False
310,165,-5,0.95,551,4333,17332,31.79,False,False
310,165,0,0.95,557,4392,17568,31.71,False,False
310,165,5,0.95,564,4451,17804,31.68,False,False
310,165,10,0.95,570,4509,18036,31.6,False,False
310,165,15,0.95,576,4565,18260,31.54,False,False
310,165,20,0.95,581,4623,18492,31.42,False,False
310,160,-20,0.95,532,3979,15916,33.43,False,False
310,160,-15,0.95,539,4037,16148,33.38,False,False
310,160,-10,0.95,545,4095,16380,33.27,False,False
310,160,-5,0.95,551,4151,16604,33.18,False,False
310,160,0,0.95,557,4206,16824,33.11,False,False
310,160,5,0.95,564,4262,17048,33.08,False,False
310,160,10,0.95,570,4318,17272,33,False,False
310,160,15,0.95,576,4372,17488,32.94,True,False
310,160,20,0.95,581,4427,17708,32.81,False,False
310,155,-20,0.95,532,3816,15264,34.85,False,False
310,155,-15,0.95,539,3872,15488,34.8,False,False
310,155,-10,0.95,545,3929,15716,34.68,False,False
310,155,-5,0.95,551,3933,15732,35.02,False,False
310,155,0,0.95,557,4038,16152,34.48,False,False
310,155,5,0.95,564,4093,16372,34.45,False,False
310,155,10,0.95,570,4148,16592,34.35,False,False
310,155,15,0.95,576,4201,16804,34.28,False,False
310,155,20,0.95,581,4253,17012,34.15,False,False
310,150,-20,0.95,532,3659,14636,36.35,False,False
310,150,-15,0.95,539,3713,14852,36.29,False,False
310,150,-10,0.95,545,3767,15068,36.17,False,False
310,150,-5,0.95,551,3822,15288,36.04,True,False
310,150,0,0.95,557,3877,15508,35.92,False,False
310,150,5,0.95,564,3933,15732,35.85,False,False
310,150,10,0.95,570,3988,15952,35.73,False,False
310,150,15,0.95,576,4037,16148,35.67,False,False
310,150,20,0.95,581,4087,16348,35.54,False,False
310,145,-20,0.95,532,3508,14032,37.91,False,False
310,145,-15,0.95,539,3560,14240,37.85,True,False
310,145,-10,0.95,545,3612,14448,37.72,False,False
310,145,-5,0.95,551,3665,14660,37.59,False,False
310,145,0,0.95,557,3719,14876,37.44,False,False
310,145,5,0.95,564,3772,15088,37.38,False,False
310,145,10,0.95,570,3826,15304,37.25,False,False
310,145,15,0.95,576,3873,15492,37.18,False,False
310,145,20,0.95,581,3921,15684,37.04,False,False
310,140,-20,0.95,532,3363,13452,39.55,False,False
310,140,-15,0.95,539,3413,13652,39.48,False,False
310,140,-10,0.95,545,3464,13856,39.33,False,False
310,140,-5,0.95,551,3516,14064,39.18,False,False
310,140,0,0.95,557,3568,14272,39.03,False,False
310,140,5,0.95,564,3619,14476,38.96,False,False
310,140,10,0.95,570,3671,14684,38.82,False,False
310,140,15,0.95,576,3717,14868,38.74,False,False
310,140,20,0.95,581,3762,15048,38.61,False,False
310,135,-20,0.95,532,3210,12840,41.43,False,False
310,135,-15,0.95,539,3277,13108,41.12,False,False
310,135,-10,0.95,545,3323,13292,41,False,False
310,135,-5,0.95,551,3374,13496,40.83,False,False
310,135,0,0.95,557,3424,13696,40.67,False,False
310,135,5,0.95,564,3474,13896,40.59,False,False
310,135,10,0.95,570,3525,14100,40.43,False,False
310,135,15,0.95,576,3568,14272,40.36,False,False
310,135,20,0.95,581,3611,14444,40.22,False,False
310,130,-20,0.95,532,3120,12480,42.63,False,False
310,130,-15,0.95,539,3165,12660,42.58,False,False
310,130,-10,0.95,545,3209,12836,42.46,False,False
310,130,-5,0.95,551,3254,13016,42.33,False,False
310,130,0,0.95,557,3298,13192,42.22,False,False
310,130,5,0.95,564,3343,13372,42.18,False,False
310,130,10,0.95,570,3388,13552,42.06,False,False
310,130,15,0.95,576,3430,13720,41.98,False,False
310,130,20,0.95,581,3472,13888,41.83,False,False
310,125,-20,0.95,532,3017,12068,44.08,False,False
310,125,-15,0.95,539,3061,12244,44.02,False,False
310,125,-10,0.95,545,3104,12416,43.89,False,False
310,125,-5,0.95,551,3145,12580,43.8,False,False
310,125,0,0.95,557,3187,12748,43.69,False,False
310,125,5,0.95,564,3229,12916,43.67,False,False
310,125,10,0.95,570,3271,13084,43.56,False,False
310,125,15,0.95,576,3312,13248,43.48,False,False
310,125,20,0.95,581,3354,13416,43.31,False,False
310,120,-20,0.95,532,2963,11852,44.89,True,False
310,120,-15,0.95,539,2963,11852,45.48,False,False
310,120,-10,0.95,545,3002,12008,45.39,False,False
310,120,-5,0.95,551,3042,12168,45.28,False,False
310,120,0,0.95,557,3082,12328,45.18,False,False
310,120,5,0.95,564,3122,12488,45.16,False,False
310,120,10,0.95,570,3162,12648,45.07,False,False
310,120,15,0.95,576,3201,12804,44.99,False,False
310,120,20,0.95,581,3241,12964,44.82,False,False
310,115,-20,0.95,532,2827,11308,47.05,False,False
310,115,-15,0.95,539,2868,11472,46.98,False,False
310,115,-10,0.95,545,2908,11632,46.85,False,False
310,115,-5,0.95,551,2946,11784,46.76,False,False
310,115,0,0.95,557,2983,11932,46.68,False,False
310,115,5,0.95,564,3021,12084,46.67,False,False
310,115,10,0.95,570,3058,12232,46.6,False,False
310,115,15,0.95,576,3097,12388,46.5,False,False
310,115,20,0.95,581,3135,12540,46.33,False,False
310,110,-20,0.95,532,2740,10960,48.54,False,False
310,110,-15,0.95,539,2780,11120,48.47,False,False
310,110,-10,0.95,545,2820,11280,48.32,False,False
310,110,-5,0.95,551,2856,11424,48.23,False,False
310,110,0,0.95,557,2892,11568,48.15,False,False
310,110,5,0.95,564,2928,11712,48.16,False,False
310,110,10,0.95,570,2964,11856,48.08,False,False
310,110,15,0.95,576,3003,12012,47.95,False,False
310,110,20,0.95,581,3041,12164,47.76,False,False
330,180,-20,0.95,527,5021,20084,26.24,False,False
330,180,-15,0.95,534,5275,21100,25.31,False,False
330,180,-10,0.95,540,5248,20992,25.72,True,False
330,180,-5,0.95,546,5221,20884,26.14,False,False
330,180,0,0.95,553,5292,21168,26.12,False,False
330,180,5,0.95,559,5364,21456,26.05,False,False
330,180,10,0.95,565,5435,21740,25.99,False,False
330,180,15,0.95,571,5510,22040,25.91,False,False
330,175,-20,0.95,527,4754,19016,27.71,False,False
330,175,-15,0.95,534,4824,19296,27.67,False,False
330,175,-10,0.95,540,4895,19580,27.58,False,False
330,175,-5,0.95,546,4963,19852,27.5,False,False
330,175,0,0.95,553,5031,20124,27.48,False,False
330,175,5,0.95,559,5099,20396,27.41,False,False
330,175,10,0.95,565,5168,20672,27.33,False,False
330,175,15,0.95,571,5254,21016,27.17,False,False
330,175,20,0.95,577,5312,21248,27.16,False,False
330,170,-20,0.95,527,4523,18092,29.13,False,False
330,170,-15,0.95,534,4590,18360,29.08,False,False
330,170,-10,0.95,540,4657,18628,28.99,False,False
330,170,-5,0.95,546,4722,18888,28.91,False,False
330,170,0,0.95,553,4787,19148,28.88,False,False
330,170,5,0.95,559,4851,19404,28.81,False,False
330,170,10,0.95,565,4916,19664,28.73,False,False
330,170,15,0.95,571,4998,19992,28.56,False,False
330,170,20,0.95,577,5057,20228,28.52,False,False
330,165,-20,0.95,527,4309,17236,30.58,False,False
330,165,-15,0.95,534,4373,17492,30.53,False,False
330,165,-10,0.95,540,4436,17744,30.43,False,False
330,165,-5,0.95,546,4498,17992,30.35,False,False
330,165,0,0.95,553,4560,18240,30.32,False,False
330,165,5,0.95,559,4621,18484,30.24,False,False
330,165,10,0.95,565,4683,18732,30.16,False,False
330,165,15,0.95,571,4743,18972,30.1,False,False
330,165,20,0.95,577,4803,19212,30.03,False,False
330,160,-20,0.95,527,4109,16436,32.06,False,False
330,160,-15,0.95,534,4170,16680,32.01,True,False
330,160,-10,0.95,540,4230,16920,31.91,False,False
330,160,-5,0.95,546,4289,17156,31.83,True,False
330,160,0,0.95,553,4348,17392,31.8,False,False
330,160,5,0.95,559,4407,17628,31.71,False,False
330,160,10,0.95,565,4467,17868,31.62,False,False
330,160,15,0.95,571,4524,18096,31.55,True,False
330,160,20,0.95,577,4580,18320,31.5,False,False
330,155,-20,0.95,527,3925,15700,33.57,False,False
330,155,-15,0.95,534,3983,15932,33.52,False,False
330,155,-10,0.95,540,4241,16964,31.83,False,False
330,155,-5,0.95,546,4197,16788,32.52,True,False
330,155,0,0.95,553,4153,16612,33.29,False,False
330,155,5,0.95,559,4209,16836,33.2,False,False
330,155,10,0.95,565,4265,17060,33.12,False,False
330,155,15,0.95,571,4319,17276,33.05,False,False
330,155,20,0.95,577,4373,17492,32.99,False,False
330,150,-20,0.95,527,3751,15004,35.12,False,False
330,150,-15,0.95,534,3826,15304,34.89,False,False
330,150,-10,0.95,540,3861,15444,34.97,False,False
330,150,-5,0.95,546,3914,15656,34.87,True,False
330,150,0,0.95,553,3968,15872,34.84,False,False
330,150,5,0.95,559,4021,16084,34.76,False,False
330,150,10,0.95,565,4075,16300,34.66,False,False
330,150,15,0.95,571,4127,16508,34.59,False,False
330,150,20,0.95,577,4179,16716,34.52,False,False
330,145,-20,0.95,527,3576,14304,36.84,False,False
330,145,-15,0.95,534,3639,14556,36.69,False,False
330,145,-10,0.95,540,3682,14728,36.66,False,False
330,145,-5,0.95,546,3714,14856,36.75,False,False
330,145,0,0.95,553,3786,15144,36.52,False,False
330,145,5,0.95,559,3838,15352,36.41,False,False
330,145,10,0.95,565,3891,15564,36.3,False,False
330,145,15,0.95,571,3940,15760,36.23,False,False
330,145,20,0.95,577,3990,15960,36.15,False,False
330,140,-20,0.95,527,3414,13656,38.59,False,False
330,140,-15,0.95,534,3465,13860,38.53,False,False
330,140,-10,0.95,540,3516,14064,38.4,False,False
330,140,-5,0.95,546,3567,14268,38.27,False,False
330,140,0,0.95,553,3618,14472,38.21,False,False
330,140,5,0.95,559,3669,14676,38.09,False,False
330,140,10,0.95,565,3720,14880,37.97,False,False
330,140,15,0.95,571,3767,15068,37.89,False,False
330,140,20,0.95,577,3814,15256,37.82,False,False
330,135,-20,0.95,527,3260,13040,40.41,False,False
330,135,-15,0.95,534,3339,13356,39.98,False,False
330,135,-10,0.95,540,3358,13432,40.2,False,False
330,135,-5,0.95,546,3407,13628,40.06,False,False
330,135,0,0.95,553,3457,13828,39.99,False,False
330,135,5,0.95,559,3506,14024,39.86,False,False
330,135,10,0.95,565,3555,14220,39.73,False,False
330,135,15,0.95,571,3600,14400,39.65,False,False
330,135,20,0.95,577,3645,14580,39.57,False,False
330,130,-20,0.95,527,3120,12480,42.23,False,False
330,130,-15,0.95,534,3169,12676,42.13,False,False
330,130,-10,0.95,540,3211,12844,42.04,False,False
330,130,-5,0.95,546,3257,13028,41.91,False,False
330,130,0,0.95,553,3304,13216,41.84,False,False
330,130,5,0.95,559,3351,13404,41.7,False,False
330,130,10,0.95,565,3397,13588,41.58,False,False
330,130,15,0.95,571,3440,13760,41.5,False,False
330,130,20,0.95,577,3483,13932,41.42,False,False
330,125,-20,0.95,527,2997,11988,43.96,False,False
330,125,-15,0.95,534,3041,12164,43.9,False,False
330,125,-10,0.95,540,3085,12340,43.76,False,False
330,125,-5,0.95,546,3125,12500,43.68,False,False
330,125,0,0.95,553,3168,12672,43.64,False,False
330,125,5,0.95,559,3209,12836,43.55,False,False
330,125,10,0.95,565,3251,13004,43.45,False,False
330,125,15,0.95,571,3292,13168,43.36,False,False
330,125,20,0.95,577,3334,13336,43.27,False,False
330,120,-20,0.95,527,2881,11524,45.73,False,False
330,120,-15,0.95,534,2924,11696,45.66,False,False
330,120,-10,0.95,540,2966,11864,45.52,False,False
330,120,-5,0.95,546,3005,12020,45.42,False,False
330,120,0,0.95,553,3043,12172,45.43,False,False
330,120,5,0.95,559,3081,12324,45.36,False,False
330,120,10,0.95,565,3120,12480,45.27,False,False
330,120,15,0.95,571,3159,12636,45.19,False,False
330,120,20,0.95,577,3198,12792,45.11,False,False
330,115,-20,0.95,527,2772,11088,47.53,False,False
330,115,-15,0.95,534,2813,11252,47.46,False,False
330,115,-10,0.95,540,2854,11416,47.3,False,False
330,115,-5,0.95,546,2890,11560,47.23,False,False
330,115,0,0.95,553,2926,11704,47.25,False,False
330,115,5,0.95,559,2961,11844,47.2,False,False
330,115,10,0.95,565,2997,11988,47.13,False,False
330,115,15,0.95,571,3035,12140,47.03,False,False
330,115,20,0.95,577,3072,12288,46.96,False,False
330,110,-20,0.95,527,2667,10668,49.4,False,False
330,110,-15,0.95,534,2707,10828,49.32,False,False
330,110,-10,0.95,540,2747,10988,49.14,False,False
330,110,-5,0.95,546,2780,11120,49.1,False,False
330,110,0,0.95,553,2813,11252,49.15,False,False
330,110,5,0.95,559,2846,11384,49.1,False,False
330,110,10,0.95,565,2880,11520,49.05,False,False
330,110,15,0.95,571,2916,11664,48.95,False,False
330,110,20,0.95,577,2953,11812,48.85,False,False
350,165,-20,0.95,522,4582,18328,28.48,False,False
350,165,-15,0.95,528,4651,18604,28.38,False,False
350,165,-10,0.95,535,4720,18880,28.34,False,False
350,165,-5,0.95,541,4787,19148,28.25,False,False
350,165,0,0.95,548,4853,19412,28.23,False,False
350,165,5,0.95,554,4919,19676,28.16,False,False
350,165,10,0.95,560,4986,19944,28.08,False,False
350,165,15,0.95,566,5054,20216,28,False,False
350,160,-20,0.95,522,4333,17332,30.12,False,False
350,160,-15,0.95,528,4399,17596,30.01,False,False
350,160,-10,0.95,535,4464,17856,29.96,False,False
350,160,-5,0.95,541,4527,18108,29.88,False,False
350,160,0,0.95,548,4590,18360,29.85,False,False
350,160,5,0.95,554,4653,18612,29.77,False,False
350,160,10,0.95,560,4716,18864,29.69,False,False
350,160,15,0.95,566,4788,19152,29.55,False,False
350,160,20,0.95,572,4845,19380,29.51,False,False
350,155,-20,0.95,522,4102,16408,31.81,False,False
350,155,-15,0.95,528,4164,16656,31.7,False,False
350,155,-10,0.95,535,4226,16904,31.65,False,False
350,155,-5,0.95,541,4285,17140,31.56,False,False
350,155,0,0.95,548,4345,17380,31.53,False,False
350,155,5,0.95,554,4404,17616,31.45,False,False
350,155,10,0.95,560,4464,17856,31.36,False,False
350,155,15,0.95,566,4521,18084,31.3,False,False
350,155,20,0.95,572,4579,18316,31.23,False,False
350,150,-20,0.95,522,3889,15556,33.56,False,False
350,150,-15,0.95,528,3947,15788,33.44,False,False
350,150,-10,0.95,535,4006,16024,33.39,False,False
350,150,-5,0.95,541,4062,16248,33.3,False,False
350,150,0,0.95,548,4119,16476,33.26,False,False
350,150,5,0.95,554,4175,16700,33.17,False,False
350,150,10,0.95,560,4232,16928,33.08,False,False
350,150,15,0.95,566,4286,17144,33.01,True,False
350,150,20,0.95,572,4341,17364,32.94,False,False
350,145,-20,0.95,522,3694,14776,35.33,False,False
350,145,-15,0.95,528,3749,14996,35.21,False,False
350,145,-10,0.95,535,3804,15216,35.16,False,False
350,145,-5,0.95,541,3857,15428,35.07,False,False
350,145,0,0.95,548,3911,15644,35.03,False,False
350,145,5,0.95,554,3964,15856,34.94,True,False
350,145,10,0.95,560,4018,16072,34.84,False,False
350,145,15,0.95,566,4070,16280,34.77,False,False
350,145,20,0.95,572,4121,16484,34.7,False,False
350,140,-20,0.95,522,3513,14052,37.15,False,False
350,140,-15,0.95,528,3565,14260,37.03,False,False
350,140,-10,0.95,535,3617,14468,36.98,False,False
350,140,-5,0.95,541,3668,14672,36.87,True,False
350,140,0,0.95,548,3719,14876,36.84,False,False
350,140,5,0.95,554,3770,15080,36.74,False,False
350,140,10,0.95,560,3820,15280,36.65,False,False
350,140,15,0.95,566,3870,15480,36.56,False,False
350,140,20,0.95,572,3919,15676,36.49,False,False
350,135,-20,0.95,522,3337,13348,39.11,False,False
350,135,-15,0.95,528,3386,13544,38.98,True,False
350,135,-10,0.95,535,3436,13744,38.93,False,False
350,135,-5,0.95,541,3485,13940,38.81,False,False
350,135,0,0.95,548,3534,14136,38.77,False,False
350,135,5,0.95,554,3583,14332,38.65,False,False
350,135,10,0.95,560,3632,14528,38.55,False,False
350,135,15,0.95,566,3679,14716,38.46,False,False
350,135,20,0.95,572,3726,14904,38.38,False,False
350,130,-20,0.95,522,3170,12680,41.17,False,False
350,130,-15,0.95,528,3218,12872,41.02,False,False
350,130,-10,0.95,535,3266,13064,40.95,False,False
350,130,-5,0.95,541,3312,13248,40.84,False,False
350,130,0,0.95,548,3359,13436,40.79,False,False
350,130,5,0.95,554,3406,13624,40.66,False,False
350,130,10,0.95,560,3453,13812,40.54,False,False
350,130,15,0.95,566,3498,13992,40.45,False,False
350,130,20,0.95,572,3542,14168,40.37,False,False
350,125,-20,0.95,522,3020,12080,43.21,False,False
350,125,-15,0.95,528,3065,12260,43.07,False,False
350,125,-10,0.95,535,3110,12440,43.01,False,False
350,125,-5,0.95,541,3154,12616,42.88,False,False
350,125,0,0.95,548,3198,12792,42.84,False,False
350,125,5,0.95,554,3243,12972,42.71,False,False
350,125,10,0.95,560,3287,13148,42.59,False,False
350,125,15,0.95,566,3329,13316,42.51,False,False
350,125,20,0.95,572,3372,13488,42.41,False,False
350,120,-20,0.95,522,2883,11532,45.27,False,False
350,120,-15,0.95,528,2926,11704,45.11,False,False
350,120,-10,0.95,535,2970,11880,45.03,False,False
350,120,-5,0.95,541,3009,12036,44.95,False,False
350,120,0,0.95,548,3049,12196,44.93,False,False
350,120,5,0.95,554,3089,12356,44.84,False,False
350,120,10,0.95,560,3129,12516,44.74,False,False
350,120,15,0.95,566,3169,12676,44.65,False,False
350,120,20,0.95,572,3209,12836,44.56,False,False
350,115,-20,0.95,522,2750,11000,47.45,False,False
350,115,-15,0.95,528,2792,11168,47.28,False,False
350,115,-10,0.95,535,2834,11336,47.19,False,False
350,115,-5,0.95,541,2871,11484,47.11,False,False
350,115,0,0.95,548,2907,11628,47.13,False,False
350,115,5,0.95,554,2943,11772,47.06,False,False
350,115,10,0.95,560,2979,11916,47,False,False
350,115,15,0.95,566,3017,12068,46.9,False,False
350,115,20,0.95,572,3055,12220,46.81,False,False
350,110,-20,0.95,522,2625,10500,49.71,False,False
350,110,-15,0.95,528,2666,10664,49.51,False,False
350,110,-10,0.95,535,2706,10824,49.43,False,False
350,110,-5,0.95,541,2739,10956,49.38,False,False
350,110,0,0.95,548,2773,11092,49.4,False,False
350,110,5,0.95,554,2806,11224,49.36,False,False
350,110,10,0.95,560,2840,11360,49.3,False,False
350,110,15,0.95,566,2876,11504,49.2,False,False
350,110,20,0.95,572,2912,11648,49.11,False,False
350,105,-20,0.95,522,2509,10036,52.01,False,False
350,105,-15,0.95,528,2548,10192,51.81,False,False
350,105,-10,0.95,535,2587,10348,51.7,False,False
350,105,-5,0.95,541,2618,10472,51.66,False,False
350,105,0,0.95,548,2649,10596,51.72,False,False
350,105,5,0.95,554,2679,10716,51.7,False,False
350,105,10,0.95,560,2710,10840,51.66,False,False
350,105,15,0.95,566,2746,10984,51.53,False,False
350,105,20,0.95,572,2781,11124,51.42,False,False
350,100,-20,0.95,522,2401,9604,54.35,False,False
350,100,-15,0.95,528,2438,9752,54.14,False,False
350,100,-10,0.95,535,2474,9896,54.06,False,False
350,100,-5,0.95,541,2507,10028,53.95,False,False
350,100,0,0.95,548,2541,10164,53.92,False,False
350,100,5,0.95,554,2574,10296,53.81,False,False
350,100,10,0.95,560,2608,10432,53.68,False,False
350,100,15,0.95,566,2642,10568,53.56,False,False
350,100,20,0.95,572,2676,10704,53.44,False,False
370,150,-20,0.95,519,4165,16660,31.15,False,False
370,150,-15,0.95,526,4228,16912,31.1,False,False
370,150,-10,0.95,532,4291,17164,31,False,False
370,150,-5,0.95,539,4352,17408,30.96,False,False
370,150,0,0.95,545,4413,17652,30.87,False,False
370,150,5,0.95,551,4474,17896,30.79,False,False
370,150,10,0.95,557,4536,18144,30.7,True,False
370,150,15,0.95,563,4598,18392,30.61,False,False
370,145,-20,0.95,519,3917,15668,33.12,False,False
370,145,-15,0.95,526,3976,15904,33.07,False,False
370,145,-10,0.95,532,4035,16140,32.96,False,False
370,145,-5,0.95,539,4093,16372,32.92,False,False
370,145,0,0.95,545,4151,16604,32.82,False,False
370,145,5,0.95,551,4208,16832,32.74,False,False
370,145,10,0.95,557,4266,17064,32.64,False,False
370,145,15,0.95,563,4333,17332,32.48,False,False
370,145,20,0.95,569,4385,17540,32.44,False,False
370,140,-20,0.95,519,3688,14752,35.18,False,False
370,140,-15,0.95,526,3744,14976,35.12,False,False
370,140,-10,0.95,532,3800,15200,35,False,False
370,140,-5,0.95,539,3854,15416,34.96,False,False
370,140,0,0.95,545,3908,15632,34.86,False,False
370,140,5,0.95,551,3962,15848,34.77,False,False
370,140,10,0.95,557,4017,16068,34.67,False,False
370,140,15,0.95,563,4069,16276,34.59,False,False
370,140,20,0.95,569,4121,16484,34.52,False,False
370,135,-20,0.95,519,3481,13924,37.27,False,False
370,135,-15,0.95,526,3533,14132,37.22,False,False
370,135,-10,0.95,532,3585,14340,37.1,False,False
370,135,-5,0.95,539,3636,14544,37.06,False,False
370,135,0,0.95,545,3687,14748,36.95,False,False
370,135,5,0.95,551,3738,14952,36.85,False,False
370,135,10,0.95,557,3789,15156,36.75,False,False
370,135,15,0.95,563,3838,15352,36.67,False,False
370,135,20,0.95,569,3888,15552,36.59,False,False
370,130,-20,0.95,519,3291,13164,39.43,False,False
370,130,-15,0.95,526,3340,13360,39.37,False,False
370,130,-10,0.95,532,3389,13556,39.24,False,False
370,130,-5,0.95,539,3437,13748,39.21,False,False
370,130,0,0.95,545,3485,13940,39.1,False,False
370,130,5,0.95,551,3533,14132,38.99,False,False
370,130,10,0.95,557,3582,14328,38.87,False,False
370,130,15,0.95,563,3628,14512,38.8,False,False
370,130,20,0.95,569,3675,14700,38.71,False,False
370,125,-20,0.95,519,3115,12460,41.65,False,False
370,125,-15,0.95,526,3161,12644,41.6,False,False
370,125,-10,0.95,532,3207,12828,41.47,False,False
370,125,-5,0.95,539,3253,13012,41.42,False,False
370,125,0,0.95,545,3299,13196,41.3,False,False
370,125,5,0.95,551,3345,13380,41.18,False,False
370,125,10,0.95,557,3391,13564,41.06,False,False
370,125,15,0.95,563,3435,13740,40.98,False,False
370,125,20,0.95,569,3479,13916,40.89,False,False
370,120,-20,0.95,519,2944,11776,44.07,False,False
370,120,-15,0.95,526,2988,11952,44.01,False,False
370,120,-10,0.95,532,3032,12128,43.87,False,False
370,120,-5,0.95,539,3075,12300,43.82,False,False
370,120,0,0.95,545,3118,12472,43.7,False,False
370,120,5,0.95,551,3161,12644,43.58,False,False
370,120,10,0.95,557,3204,12816,43.46,False,False
370,120,15,0.95,563,3246,12984,43.36,False,False
370,120,20,0.95,569,3287,13148,43.28,False,False
370,115,-20,0.95,519,2792,11168,46.47,False,False
370,115,-15,0.95,526,2834,11336,46.4,False,False
370,115,-10,0.95,532,2876,11504,46.24,False,False
370,115,-5,0.95,539,2916,11664,46.21,False,False
370,115,0,0.95,545,2956,11824,46.09,False,False
370,115,5,0.95,551,2996,11984,45.98,False,False
370,115,10,0.95,557,3036,12144,45.87,False,False
370,115,15,0.95,563,3076,12304,45.76,False,False
370,115,20,0.95,569,3115,12460,45.67,False,False
370,110,-20,0.95,519,2649,10596,48.98,False,False
370,110,-15,0.95,526,2690,10760,48.88,False,False
370,110,-10,0.95,532,2731,10924,48.7,False,False
370,110,-5,0.95,539,2767,11068,48.7,False,False
370,110,0,0.95,545,2802,11208,48.63,False,False
370,110,5,0.95,551,2838,11352,48.54,False,False
370,110,10,0.95,557,2874,11496,48.45,False,False
370,110,15,0.95,563,2911,11644,48.35,False,False
370,110,20,0.95,569,2949,11796,48.24,False,False
370,105,-20,0.95,519,2511,10044,51.67,False,False
370,105,-15,0.95,526,2550,10200,51.57,False,False
370,105,-10,0.95,532,2589,10356,51.37,False,False
370,105,-5,0.95,539,2622,10488,51.39,False,False
370,105,0,0.95,545,2655,10620,51.32,False,False
370,105,5,0.95,551,2688,10752,51.25,False,False
370,105,10,0.95,557,2721,10884,51.18,False,False
370,105,15,0.95,563,2756,11024,51.07,False,False
370,105,20,0.95,569,2791,11164,50.97,False,False
370,100,-20,0.95,519,2383,9532,54.45,False,False
370,100,-15,0.95,526,2420,9680,54.34,False,False
370,100,-10,0.95,532,2457,9828,54.13,False,False
370,100,-5,0.95,539,2487,9948,54.18,False,False
370,100,0,0.95,545,2518,10072,54.11,False,False
370,100,5,0.95,551,2548,10192,54.06,False,False
370,100,10,0.95,557,2578,10312,54.01,False,False
370,100,15,0.95,563,2611,10444,53.91,False,False
370,100,20,0.95,569,2645,10580,53.78,False,False
390,135,-20,0.95,519,3741,14964,34.68,False,False
390,135,-15,0.95,526,3797,15188,34.63,False,False
390,135,-10,0.95,532,3854,15416,34.51,False,False
390,135,-5,0.95,539,3909,15636,34.47,False,False
390,135,0,0.95,545,3963,15852,34.38,False,False
390,135,5,0.95,551,4018,16072,34.28,False,False
390,135,10,0.95,557,4073,16292,34.19,False,False
390,135,15,0.95,563,4135,16540,34.04,False,False
390,135,20,0.95,569,4180,16720,34.03,False,False
390,130,-20,0.95,519,3499,13996,37.08,False,False
390,130,-15,0.95,526,3552,14208,37.02,False,False
390,130,-10,0.95,532,3604,14416,36.9,False,False
390,130,-5,0.95,539,3655,14620,36.87,False,False
390,130,0,0.95,545,3707,14828,36.75,False,False
390,130,5,0.95,551,3758,15032,36.66,False,False
390,130,10,0.95,557,3809,15236,36.56,False,False
390,130,15,0.95,563,3875,15500,36.32,False,False
390,130,20,0.95,569,3920,15680,36.29,False,False
390,125,-20,0.95,519,3278,13112,39.58,False,False
390,125,-15,0.95,526,3327,13308,39.53,False,False
390,125,-10,0.95,532,3376,13504,39.4,False,False
390,125,-5,0.95,539,3424,13696,39.35,False,False
390,125,0,0.95,545,3472,13888,39.24,False,False
390,125,5,0.95,551,3520,14080,39.13,False,False
390,125,10,0.95,557,3568,14272,39.03,False,False
390,125,15,0.95,563,3614,14456,38.95,False,False
390,125,20,0.95,569,3660,14640,38.87,False,False
390,120,-20,0.95,519,3079,12316,42.14,False,False
390,120,-15,0.95,526,3125,12500,42.08,False,False
390,120,-10,0.95,532,3171,12684,41.94,False,False
390,120,-5,0.95,539,3216,12864,41.9,False,False
390,120,0,0.95,545,3261,13044,41.78,False,False
390,120,5,0.95,551,3306,13224,41.67,False,False
390,120,10,0.95,557,3351,13404,41.55,False,False
390,120,15,0.95,563,3394,13576,41.47,False,False
390,120,20,0.95,569,3437,13748,41.39,False,False
390,115,-20,0.95,519,2898,11592,44.77,False,False
390,115,-15,0.95,526,2941,11764,44.71,False,False
390,115,-10,0.95,532,2984,11936,44.57,False,False
390,115,-5,0.95,539,3026,12104,44.53,False,False
390,115,0,0.95,545,3068,12272,44.41,False,False
390,115,5,0.95,551,3111,12444,44.28,False,False
390,115,10,0.95,557,3153,12612,44.16,False,False
390,115,15,0.95,563,3194,12776,44.07,True,False
390,115,20,0.95,569,3235,12940,43.97,False,False
390,110,-20,0.95,519,2725,10900,47.61,False,False
390,110,-15,0.95,526,2765,11060,47.56,False,False
390,110,-10,0.95,532,2806,11224,47.4,False,False
390,110,-5,0.95,539,2845,11380,47.36,False,False
390,110,0,0.95,545,2885,11540,47.23,False,False
390,110,5,0.95,551,2924,11696,47.11,False,False
390,110,10,0.95,557,2963,11852,47,False,False
390,110,15,0.95,563,3002,12008,46.89,False,False
390,110,20,0.95,569,3041,12164,46.78,False,False
390,105,-20,0.95,519,2570,10280,50.49,False,False
390,105,-15,0.95,526,2608,10432,50.42,False,False
390,105,-10,0.95,532,2646,10584,50.26,False,False
390,105,-5,0.95,539,2683,10732,50.22,False,False
390,105,0,0.95,545,2720,10880,50.09,False,False
390,105,5,0.95,551,2757,11028,49.96,False,False
390,105,10,0.95,557,2794,11176,49.84,False,False
390,105,15,0.95,563,2830,11320,49.73,False,False
390,105,20,0.95,569,2867,11468,49.62,False,False
390,100,-20,0.95,519,2426,9704,53.48,False,False
390,100,-15,0.95,526,2463,9852,53.39,True,False
390,100,-10,0.95,532,2500,10000,53.2,False,False
390,100,-5,0.95,539,2533,10132,53.2,False,False
390,100,0,0.95,545,2566,10264,53.1,False,False
390,100,5,0.95,551,2599,10396,53,False,False
390,100,10,0.95,557,2632,10528,52.91,False,False
390,100,15,0.95,563,2666,10664,52.79,False,False
390,100,20,0.95,569,2700,10800,52.69,False,False
410,125,-20,0.95,519,3543,14172,36.62,False,False
410,125,-15,0.95,526,3596,14384,36.57,False,False
410,125,-10,0.95,532,3647,14588,36.47,False,False
410,125,-5,0.95,539,3699,14796,36.43,False,False
410,125,0,0.95,545,3750,15000,36.33,False,False
410,125,5,0.95,551,3801,15204,36.24,False,False
410,125,10,0.95,557,3853,15412,36.14,False,False
410,120,-20,0.95,519,3288,13152,39.46,False,False
410,120,-15,0.95,526,3337,13348,39.41,False,False
410,120,-10,0.95,532,3387,13548,39.27,False,False
410,120,-5,0.95,539,3435,13740,39.23,False,False
410,120,0,0.95,545,3483,13932,39.12,False,False
410,120,5,0.95,551,3531,14124,39.01,False,False
410,120,10,0.95,557,3579,14316,38.91,False,False
410,120,15,0.95,563,3636,14544,38.71,False,False
410,120,20,0.95,569,3679,14716,38.67,False,False
410,115,-20,0.95,519,3058,12232,42.43,False,False
410,115,-15,0.95,526,3104,12416,42.36,False,False
410,115,-10,0.95,532,3149,12596,42.24,False,False
410,115,-5,0.95,539,3194,12776,42.19,False,False
410,115,0,0.95,545,3239,12956,42.07,False,False
410,115,5,0.95,551,3283,13132,41.96,False,False
410,115,10,0.95,557,3328,13312,41.84,False,False
410,115,15,0.95,563,3371,13484,41.75,False,False
410,115,20,0.95,569,3414,13656,41.67,False,False
410,110,-20,0.95,519,2853,11412,45.48,False,False
410,110,-15,0.95,526,2895,11580,45.42,False,False
410,110,-10,0.95,532,2938,11752,45.27,False,False
410,110,-5,0.95,539,2979,11916,45.23,False,False
410,110,0,0.95,545,3020,12080,45.12,False,False
410,110,5,0.95,551,3061,12244,45,False,False
410,110,10,0.95,557,3103,12412,44.88,False,False
410,110,15,0.95,563,3143,12572,44.78,False,False
410,110,20,0.95,569,3183,12732,44.69,False,False
410,105,-20,0.95,519,2668,10672,48.63,False,False
410,105,-15,0.95,526,2708,10832,48.56,False,False
410,105,-10,0.95,532,2747,10988,48.42,False,False
410,105,-5,0.95,539,2786,11144,48.37,False,False
410,105,0,0.95,545,2824,11296,48.25,False,False
410,105,5,0.95,551,2863,11452,48.11,False,False
410,105,10,0.95,557,2901,11604,48,False,False
410,105,15,0.95,563,2939,11756,47.89,False,False
410,105,20,0.95,569,2977,11908,47.78,False,False
410,100,-20,0.95,519,2494,9976,52.02,False,False
410,100,-15,0.95,526,2531,10124,51.96,False,False
410,100,-10,0.95,532,2568,10272,51.79,False,False
410,100,-5,0.95,539,2604,10416,51.75,False,False
410,100,0,0.95,545,2640,10560,51.61,False,False
410,100,5,0.95,551,2675,10700,51.5,False,False
410,100,10,0.95,557,2711,10844,51.36,False,False
410,100,15,0.95,563,2746,10984,51.26,False,False
410,100,20,0.95,569,2782,11128,51.13,False,False
